<?xml version="1.0" encoding="UTF-8"?>
<project-private xmlns="http://www.netbeans.org/ns/project-private/1">
    <data xmlns="http://www.netbeans.org/ns/make-project-private/1">
        <activeConfTypeElem>1</activeConfTypeElem>
        <activeConfIndexElem>0</activeConfIndexElem>
    </data>
    <editor-bookmarks xmlns="http://www.netbeans.org/ns/editor-bookmarks/2" lastBookmarkId="0"/>
    <open-files xmlns="http://www.netbeans.org/ns/projectui-open-files/2">
        <group>
            <file>file:/home/pablo/NetBeansProjects/p2/p2/p2_e2.c</file>
            <file>file:/home/pablo/NetBeansProjects/p2/p2/p2_e0_b.c</file>
            <file>file:/home/pablo/NetBeansProjects/p2/p2/p2_e1.c</file>
            <file>file:/home/pablo/NetBeansProjects/p2/p2/p2_e0_a.c</file>
            <file>file:/home/pablo/NetBeansProjects/p2/p2/stack_types.h</file>
            <file>file:/home/pablo/NetBeansProjects/p2/p2/stack_fp.h</file>
        </group>
    </open-files>
</project-private>
