<?xml version="1.0" encoding="UTF-8"?>
<configurationDescriptor version="100">
  <logicalFolder name="root" displayName="root" projectFiles="true" kind="ROOT">
    <logicalFolder name="HeaderFiles"
                   displayName="Header Files"
                   projectFiles="true">
      <itemPath>../graph_option2.h</itemPath>
      <itemPath>../list.h</itemPath>
      <itemPath>../node.h</itemPath>
      <itemPath>../queue_fp.h</itemPath>
      <itemPath>../types.h</itemPath>
    </logicalFolder>
    <logicalFolder name="ResourceFiles"
                   displayName="Resource Files"
                   projectFiles="true">
    </logicalFolder>
    <logicalFolder name="SourceFiles"
                   displayName="Source Files"
                   projectFiles="true">
      <itemPath>../graph_option2.c</itemPath>
      <itemPath>../node.c</itemPath>
      <itemPath>../p4_e2_c.c</itemPath>
      <itemPath>../queue_fp.c</itemPath>
    </logicalFolder>
    <logicalFolder name="TestFiles"
                   displayName="Test Files"
                   projectFiles="false"
                   kind="TEST_LOGICAL_FOLDER">
    </logicalFolder>
    <logicalFolder name="ExternalFiles"
                   displayName="Important Files"
                   projectFiles="false"
                   kind="IMPORTANT_FILES_FOLDER">
      <itemPath>Makefile</itemPath>
    </logicalFolder>
  </logicalFolder>
  <projectmakefile>Makefile</projectmakefile>
  <confs>
    <conf name="Debug" type="1">
      <toolsSet>
        <compilerSet>default</compilerSet>
        <dependencyChecking>true</dependencyChecking>
        <rebuildPropChanged>false</rebuildPropChanged>
      </toolsSet>
      <compileType>
        <cTool>
          <incDir>
            <pElem>..</pElem>
          </incDir>
        </cTool>
        <linkerTool>
          <linkerLibItems>
            <linkerLibFileItem>../liblist.a</linkerLibFileItem>
          </linkerLibItems>
        </linkerTool>
      </compileType>
      <item path="../graph_option2.c" ex="false" tool="0" flavor2="0">
      </item>
      <item path="../graph_option2.h" ex="false" tool="3" flavor2="0">
      </item>
      <item path="../list.h" ex="false" tool="3" flavor2="0">
      </item>
      <item path="../node.c" ex="false" tool="0" flavor2="0">
      </item>
      <item path="../node.h" ex="false" tool="3" flavor2="0">
      </item>
      <item path="../p4_e2_c.c" ex="false" tool="0" flavor2="0">
      </item>
      <item path="../queue_fp.c" ex="false" tool="0" flavor2="0">
      </item>
      <item path="../queue_fp.h" ex="false" tool="3" flavor2="0">
      </item>
      <item path="../types.h" ex="false" tool="3" flavor2="0">
      </item>
    </conf>
    <conf name="Release" type="1">
      <toolsSet>
        <compilerSet>default</compilerSet>
        <dependencyChecking>true</dependencyChecking>
        <rebuildPropChanged>false</rebuildPropChanged>
      </toolsSet>
      <compileType>
        <cTool>
          <developmentMode>5</developmentMode>
        </cTool>
        <ccTool>
          <developmentMode>5</developmentMode>
        </ccTool>
        <fortranCompilerTool>
          <developmentMode>5</developmentMode>
        </fortranCompilerTool>
        <asmTool>
          <developmentMode>5</developmentMode>
        </asmTool>
      </compileType>
      <item path="../graph_option2.c" ex="false" tool="0" flavor2="0">
      </item>
      <item path="../graph_option2.h" ex="false" tool="3" flavor2="0">
      </item>
      <item path="../list.h" ex="false" tool="3" flavor2="0">
      </item>
      <item path="../node.c" ex="false" tool="0" flavor2="0">
      </item>
      <item path="../node.h" ex="false" tool="3" flavor2="0">
      </item>
      <item path="../p4_e2_c.c" ex="false" tool="0" flavor2="0">
      </item>
      <item path="../queue_fp.c" ex="false" tool="0" flavor2="0">
      </item>
      <item path="../queue_fp.h" ex="false" tool="3" flavor2="0">
      </item>
      <item path="../types.h" ex="false" tool="3" flavor2="0">
      </item>
    </conf>
  </confs>
</configurationDescriptor>
